<mujoco>
    <asset>
        <material name="white" rgba="0.9 0.9 0.9 1" />
        <material name="red" rgba="0.9 0 0 1" />
        <material name="green" rgba="0 0.9 0 1" />
        <texture name="grid" type="2d" builtin="checker" width="512" height="512" rgb1=".1 .2 .3" rgb2=".2 .3 .4" />
        <material name="grid" texture="grid" texrepeat="1 1" texuniform="true" reflectance=".2" />
    </asset>

    <worldbody>
        <light diffuse="0.3 0.3 0.3" pos="1 0 3" dir="-1 0 -3" />
        <geom type="plane" size="10 10 0.1"  material="grid" />
        <geom type="cylinder" pos="5 0 1" size="0.2 1" material="white" />
        <body pos="0 0 .1">
            <joint type="free" />
            <geom type="sphere" size=".1" mass="1" material="green" />
        </body>
        <body pos="5 0 2.1">
            <joint type="free" />
            <geom type="box" size="0.1 0.1 0.1" mass="0.1" material="red" />
        </body>
    </worldbody>

</mujoco>
